광고오라이등심,갈비,4.0,39건,11,서울 종로구 종로32길 23-5
광고인기명 이수점,"해물,생선",4.5,8건,42,서울 서초구 방배천로 92 109~112호
광고정원레스토랑 어반가든,이탈리안,3.9,175건,329,서울 중구 정동길 12-15
카페노티드 서래,카페,3.0,35건,341,서울 서초구 방배로32길 30-9 1층
카페노티드 안국,카페,3.0,85건,631,서울 종로구 북촌로 6-3 1층
블루보틀 삼청한옥,카페,3.1,116건,898,서울 종로구 삼청로2길 40-3
카페노티드 청담,디저트카페,3.5,164건,"1,347",서울 강남구 도산대로53길 15 1층
블루보틀 성수,카페,3.0,135건,975,서울 성동구 아차산로 7
팀호완 삼성점,중화요리,3.4,99건,474,서울 강남구 봉은사로86길 30 1층
제스티살룬,햄버거,4.1,130건,635,서울 성동구 서울숲2길 19 2층
몽탄,갈비,3.6,139건,"1,068",서울 용산구 백범로99길 50
소금집델리 안국,양식,3.5,87건,434,서울 종로구 북촌로4길 19 1층
할아버지공장,디저트카페,3.2,88건,574,서울 성동구 성수이로7가길 9
금돼지식당,"육류,고기",3.8,164건,612,서울 중구 다산로 149
구구당,퓨전요리,4.0,107건,669,서울 강남구 강남대로102길 35
다운타우너 잠실,햄버거,3.9,136건,822,서울 송파구 백제고분로45길 3 1층
다운타우너 안국,햄버거,4.2,109건,719,서울 종로구 북촌로 6-4 1층
블루보틀 역삼,카페,3.2,54건,165,서울 강남구 테헤란로 129 강남N타워 1층
꽁티드툴레아 도산점,테마카페,2.6,37건,491,서울 강남구 도산대로49길 39 1층
어글리베이커리,"제과,베이커리",3.1,135건,520,서울 마포구 월드컵로13길 73
소금집델리 망원,양식,3.9,186건,610,서울 마포구 월드컵로19길 14 2층
리틀넥 청담,양식,3.8,88건,880,서울 강남구 도산대로51길 17 1층
쉐이크쉑 강남점,햄버거,3.5,374건,723,서울 강남구 강남대로 452 대연빌딩 1층
만동제과,"제과,베이커리",4.2,123건,539,서울 서대문구 연희로 32
정원레스토랑 어반가든,이탈리안,3.9,175건,329,서울 중구 정동길 12-15
카츠바이콘반,"돈까스,우동",4.1,89건,340,서울 강남구 선릉로153길 36 1층
진미평양냉면,냉면,3.7,193건,499,서울 강남구 학동로 305-3 정각빌딩 1층
쉐이크쉑 종각점,햄버거,3.2,76건,218,서울 종로구 종로 33 1층
또순이네,"육류,고기",3.1,300건,261,서울 영등포구 선유로47길 16
성수다락,양식,3.5,53건,556,"서울 성동구 뚝섬로9길 20 2,3층"
온천집,샤브샤브,3.8,78건,528,서울 종로구 돈화문로11나길 31-8 1층
랑데자뷰 강남점,카페,3.2,38건,540,서울 강남구 봉은사로6길 39 1층
명동교자 본점,국수,3.8,"1,162건","1,064",서울 중구 명동10길 29
고양이정원,고양이카페,3.2,82건,230,서울 강서구 개화동로19길 18 1층
호족반 청담,퓨전한식,3.4,51건,421,서울 강남구 언주로164길 39
다운타우너 청담,햄버거,4.2,138건,652,서울 강남구 도산대로53길 14 1층
울프강스테이크하우스,양식,3.7,129건,382,서울 강남구 선릉로152길 21 영인빌딩 1층
라라브레드 공릉점,디저트카페,4.1,61건,335,서울 노원구 공릉로41길 32
보슬보슬,분식,3.3,91건,366,서울 강남구 테헤란로8길 22
로우앤슬로우,"육류,고기",2.8,65건,269,서울 용산구 보광로 126 2층
올드페리도넛,도넛,3.4,121건,740,서울 용산구 한남대로27길 66 2층
청진옥 본점,해장국,2.9,116건,211,서울 종로구 종로3길 32
목란,중식,3.2,289건,580,서울 서대문구 연희로15길 21
카페캠프통 압구정살롱점,디저트카페,3.5,26건,801,서울 강남구 압구정로42길 27
다운타우너 한남,햄버거,4.1,236건,711,서울 용산구 대사관로5길 12 1층
농민백암순대 본점,순대,4.2,221건,309,서울 강남구 선릉로86길 40-4 알앤지타운 1층
나정순할매쭈꾸미,"해물,생선",3.8,390건,441,서울 동대문구 무학로 144
갓잇 송리단길점,"멕시칸,브라질",3.9,150건,387,서울 송파구 백제고분로45길 4-14 트리비유 1층
땡스오트 연남점,디저트카페,4.0,55건,538,서울 마포구 성미산로23길 68
중앙해장,해장국,3.9,349건,700,서울 강남구 영동대로86길 17 육인빌딩 1층
쉐이크쉑 청담점,햄버거,3.6,112건,311,서울 강남구 도산대로 327 SGF청담타워 1층
디라이프스타일키친,양식,3.6,41건,335,서울 중구 세종대로 136 파이낸스빌딩 지하1층 101A호
청담스케쥴,양식,3.2,48건,372,서울 강남구 선릉로152길 37
맘마미아,카페,2.6,59건,756,서울 강남구 압구정로42길 45
쟝블랑제리,"제과,베이커리",3.8,427건,636,서울 관악구 낙성대역길 8
프릳츠 도화점,디저트카페,4.0,270건,772,서울 마포구 새창로2길 17
남영돈,"육류,고기",4.1,67건,360,서울 용산구 한강대로80길 17 1층
우래옥 본점,냉면,4.0,801건,611,서울 중구 창경궁로 62-29
을지다락,양식,4.0,84건,332,서울 중구 수표로10길 19 4층
자하손만두,한식,3.1,423건,248,서울 종로구 백석동길 12
압구정공주떡,"떡,한과",3.8,85건,256,서울 강남구 논현로161길 10 1층
한남동한방통닭,치킨,4.0,121건,308,서울 용산구 대사관로34길 38
애플하우스,떡볶이,3.4,614건,852,서울 서초구 신반포로 50
세상의모든아침,양식,3.2,163건,689,"서울 영등포구 여의대로 24 전경련회관 50, 51층"
나폴레옹제과점 본점,"제과,베이커리",3.3,262건,148,서울 성북구 성북로 7
이문설농탕,설렁탕,3.1,207건,174,서울 종로구 우정국로 38-13
어반플랜트,디저트카페,4.0,111건,556,"서울 마포구 독막로4길 3 1,2층"
서관면옥,냉면,3.9,101건,233,서울 서초구 서초대로56길 11 1층
오스테리아오르조 한남,"스테이크,립",4.2,81건,348,서울 용산구 한남대로20길 47 2층
1인1잔,카페,3.7,52건,471,"서울 은평구 연서로 534 1,2층"
어니언 안국점,카페,2.8,104건,"1,068",서울 종로구 계동길 5
카덴 연희본점,일식,3.4,121건,174,서울 서대문구 연희로 173 거화빌딩 1층
호랑이,카페,3.2,142건,770,서울 중구 을지로 157 대림상가 3층 라열 351호
미쁘동,일식,3.8,98건,359,서울 마포구 동교로38길 33-21 2층
오장동흥남집 본점,냉면,3.6,303건,241,서울 중구 마른내로 114
라라브레드 송파점,디저트카페,3.9,136건,636,서울 송파구 오금로16길 4
어거스트힐,이탈리안,4.3,66건,371,서울 강남구 강남대로106길 25 1층
아이오유,이탈리안,3.3,44건,227,서울 용산구 원효로1길 16
광화문미진 본점,국수,3.2,459건,441,서울 종로구 종로 19 르메이에르 종로타운 1층
어머니대성집,해장국,3.7,149건,203,서울 동대문구 용두동 232-24
소이연남,동남아음식,3.9,305건,625,서울 마포구 동교로 267
연남토마 본점,일식,3.5,66건,242,서울 마포구 월드컵북로6길 61
목멱산방,한식,3.4,266건,401,서울 중구 퇴계로20길 71 1층
땀땀,베트남음식,3.3,179건,"2,346",서울 강남구 강남대로98길 12-5
원조만선호프 노가리체인본점,"호프,요리주점",2.1,236건,914,서울 중구 을지로13길 19 1층
새벽집 청담점,"육류,고기",3.4,492건,176,서울 강남구 도산대로101길 6
보니스피자펍,피자,4.0,281건,497,서울 용산구 신흥로3길 2
진작,퓨전일식,3.6,73건,334,서울 중구 수표로12길 12 1층
악어떡볶이,떡볶이,3.5,104건,223,서울 성동구 마조로 33
삼청동수제비,수제비,2.9,458건,476,서울 종로구 삼청로 101-1
태극당,"제과,베이커리",3.3,270건,505,서울 중구 동호로24길 7
텍사스데브라질 센트럴시티점,"스테이크,립",3.2,72건,234,서울 서초구 사평대로 205 BP 4-5 파미에가든 4층
경양카츠,"돈까스,우동",4.1,88건,"1,094",서울 종로구 수표로28길 15
제일곱창,"곱창,막창",3.7,62건,421,서울 성동구 고산자로 281 1층
성북동빵공장,디저트카페,2.7,92건,309,서울 성북구 대사관로 40 B동 1~3층
맥심플랜트,카페,4.2,109건,328,서울 용산구 이태원로 250
북한산제빵소,"제과,베이커리",2.2,53건,441,서울 은평구 연서로48길 52
을밀대 본점,냉면,3.9,633건,511,서울 마포구 숭문길 24
오장동함흥냉면,냉면,3.1,192건,182,서울 중구 마른내로 108
다로베 서울숲점,이탈리안,3.5,138건,204,서울 성동구 서울숲길 48 1층
카페1953위드오드리,카페,4.0,45건,257,서울 영등포구 경인로77가길 12
연남서식당,갈비,3.7,189건,114,서울 마포구 백범로2길 32
정월,카페,4.0,47건,402,서울 강남구 강남대로102길 46 1층
스윗솔트,디저트카페,4.3,137건,231,서울 강동구 상암로 286
아우프글렛 금호점,카페,3.0,69건,502,서울 성동구 독서당로51길 7 1층
해주냉면,냉면,3.3,355건,266,서울 송파구 백제고분로7길 8-16 1층
청와옥 본점,순대,3.5,58건,479,서울 송파구 위례성대로 48
부촌육회,"육류,고기",4.3,119건,204,서울 종로구 종로 200-12
피오니 홍대점,카페,3.7,477건,364,서울 마포구 어울마당로 56 1층
패션5 한남점,"제과,베이커리",3.4,540건,260,서울 용산구 이태원로 272 1층
성수명당,"호프,요리주점",4.3,113건,227,서울 성동구 연무장19길 10 1층
스태픽스,카페,3.5,54건,251,서울 종로구 사직로9길 22 102호
삼거리먼지막순대국,순대,4.2,103건,121,서울 영등포구 시흥대로185길 11
빙수야,떡볶이,4.4,41건,118,서울 성북구 종암로38길 16
금고깃집 마곡본점,"육류,고기",3.7,81건,157,"서울 강서구 마곡동로 61 에이스프라자 109호, 203~205호"
더백푸드트럭,햄버거,3.0,102건,352,서울 용산구 신흥로20길 45 1층
프릳츠 양재점,카페,3.9,100건,451,서울 서초구 강남대로37길 24-11 서림빌딩 1층
유즈라멘,일본식라면,4.3,124건,254,서울 중구 만리재로 217
계열사,치킨,2.7,285건,239,서울 종로구 백석동길 7
산모퉁이,카페,3.4,304건,237,서울 종로구 백석동길 153
경복식당,한식,4.7,108건,118,서울 노원구 공릉로39길 10
101번지남산돈까스 남산본점,"돈까스,우동",1.4,421건,230,서울 중구 소파로 101
월화고기 보라매직영점,"육류,고기",4.1,97건,231,서울 관악구 보라매로3길 16
레이어드 연남점,디저트카페,2.7,104건,668,서울 마포구 성미산로 161-4
별미곱창 본점,"곱창,막창",4.2,18건,197,서울 송파구 오금로11길 14
아우어베이커리 가로수길점,"제과,베이커리",4.0,145건,806,서울 강남구 강남대로162길 39
스코프 서촌점,"제과,베이커리",3.7,100건,156,서울 종로구 필운대로5가길 31
토속촌삼계탕,삼계탕,3.5,877건,204,서울 종로구 자하문로5길 5
세광양대창 교대본점 본관,"곱창,막창",4.5,101건,213,"서울 서초구 반포대로28길 79 1,2층"
코끼리베이글,"제과,베이커리",3.0,85건,234,서울 영등포구 선유로 176 수화공단 1층 60호
정돈,"돈까스,우동",4.1,158건,208,서울 강남구 강남대로110길 26 1층
대도식당 왕십리본점,"육류,고기",3.2,279건,236,서울 성동구 무학로12길 3
대한옥,설렁탕,3.5,96건,464,서울 영등포구 영등포로51길 6
삼육가 사당역점,"육류,고기",4.0,67건,273,서울 서초구 방배천로 10
하동관 명동본점,곰탕,3.2,637건,116,서울 중구 명동9길 12
역전회관,"불고기,두루치기",3.2,254건,124,서울 마포구 토정로37길 47
진옥화 할매원조닭한마리 본점,닭요리,2.8,377건,401,서울 종로구 종로40가길 18
감동식당,갈비,4.7,33건,154,서울 노원구 한글비석로47길 58 1층
핏제리아오,피자,4.1,119건,443,서울 종로구 동숭길 48
칙피스,양식,3.9,94건,373,서울 강남구 강남대로152길 69
테라로사 포스코센터점,커피전문점,3.9,64건,385,서울 강남구 테헤란로 440 포스코센터 1층
어니언,디저트카페,3.5,190건,496,서울 성동구 아차산로9길 8
월래순교자관,중식,3.7,64건,291,서울 구로구 디지털로19길 13
신토불이떡볶이 본점,떡볶이,2.8,355건,785,서울 광진구 자양로43길 42 1층
아키비스트,카페,3.8,61건,277,서울 종로구 효자로13길 52
비파티세리 공덕점,카페,4.0,55건,223,서울 마포구 마포대로14길 4 1층
몽중헌 공덕점,중화요리,3.7,39건,100,서울 마포구 마포대로 92 공덕해링턴 스퀘어 A동 2층
어글리스토브 강남역점,양식,3.5,63건,473,서울 강남구 강남대로98길 20
파이프그라운드,피자,3.9,71건,661,서울 용산구 한남대로27길 66 지하1층
바비레드 강남본점,양식,4.3,593건,893,서울 강남구 봉은사로6길 39 지하
그믐족발 본점,"족발,보쌈",3.5,47건,238,서울 영등포구 경인로79길 21 1층
정인면옥,냉면,3.3,253건,210,서울 영등포구 국회대로76길 10 1층
크레이지카츠,"돈까스,우동",3.9,198건,380,서울 마포구 포은로2나길 44
을지면옥,냉면,3.8,422건,405,서울 중구 충무로 72-1
한강껍데기,"육류,고기",3.9,50건,187,서울 마포구 망원로 48-1
이한스시,"초밥,롤",3.5,117건,199,서울 영등포구 선유로22길 3 유선빌딩 2층
구복만두,분식,3.7,204건,453,서울 용산구 두텁바위로 7 1층
원조남산왕돈까스,"돈까스,우동",1.9,116건,290,서울 중구 소파로 107
몽중헌 청담점,중화요리,3.8,79건,131,서울 강남구 도산대로 445 엠빌딩 지하1층
잠수교집 2호점,삼겹살,3.8,18건,189,서울 용산구 신흥로 37
테이스티버거,햄버거,3.7,76건,350,서울 마포구 독막로 67-11 행운빌딩 1층
남포면옥,냉면,3.5,446건,248,서울 중구 을지로3길 24
알베르,카페,3.0,190건,325,서울 강남구 강남대로102길 34
계림 종로본점,닭요리,3.5,235건,287,서울 종로구 돈화문로4길 39
사유,갤러리카페,3.2,76건,456,서울 용산구 이태원로54길 5
황생가칼국수,국수,3.6,230건,225,서울 종로구 북촌로5길 78
땅코참숯구이 본점,"육류,고기",4.0,140건,264,서울 성동구 행당로17길 26
창고43 강남점,"육류,고기",3.5,73건,113,서울 강남구 강남대로 362 대륭강남타워 지하1층
공미학,커피전문점,3.8,37건,256,서울 서초구 서초대로48길 101 1층
신당동 마복림떡볶이집,떡볶이,2.8,255건,362,서울 중구 다산로35길 5 1층
진미식당,"게,대게",3.9,401건,151,서울 마포구 마포대로 186-6
은하곱창,"곱창,막창",3.7,71건,362,서울 동대문구 전농로15길 22
산수갑산,순대,2.9,227건,420,서울 중구 을지로20길 24 1층
뽕나무쟁이 선릉본점,"족발,보쌈",4.1,128건,313,서울 강남구 역삼로65길 31
진주집,국수,3.8,495건,792,서울 영등포구 국제금융로6길 33 여의도백화점 지하1층
빠레뜨한남,이탈리안,2.9,77건,460,서울 용산구 이태원로54길 53 1층
앤트러사이트 서교점,카페,3.7,127건,269,서울 마포구 월드컵로12길 11
호수집 원조닭꼬치,닭요리,3.8,198건,253,서울 중구 청파로 443
평양면옥,냉면,3.3,290건,250,서울 중구 장충단로 207
서촌계단집,"해물,생선",3.2,182건,345,서울 종로구 자하문로1길 15 1층
깡통만두,분식,3.8,182건,333,서울 종로구 북촌로2길 5-6
쎈느,카페,3.0,24건,193,서울 성동구 연무장5길 20
까폼,태국음식,4.2,79건,278,서울 강남구 선릉로153길 18 지하1층
호호식당 성수동점,일식,2.7,49건,183,서울 성동구 서울숲4길 25
송화산시도삭면 1호점,중화요리,4.2,128건,348,서울 광진구 뚝섬로27길 48
블랑제메종북악,디저트카페,3.3,46건,250,서울 성북구 성북로 156
소문난성수감자탕,감자탕,3.2,246건,444,서울 성동구 연무장길 45
명인밥상,한식,3.0,6건,272,서울 송파구 송이로 157
정돈,"돈까스,우동",3.8,306건,371,서울 종로구 대학로9길 12 지하1층
오레노라멘 합정본점,일본식라면,4.2,266건,322,서울 마포구 독막로6길 14
덕수궁 리에제와플,카페,3.5,102건,396,서울 중구 덕수궁길 5 1층
텐동요츠야,일식,3.8,286건,671,서울 관악구 관악로14길 35 1층
도산분식 가로수길점,분식,2.7,60건,554,서울 강남구 강남대로162길 35
뱃고동,"해물,생선",3.6,130건,282,서울 강남구 언주로172길 54 지하 1층
필동면옥,냉면,3.8,452건,312,서울 중구 서애로 26
아우어베이커리 도산본점,"제과,베이커리",3.1,48건,306,서울 강남구 도산대로45길 10-11
마포진짜원조최대포 본점,"육류,고기",3.0,119건,102,서울 마포구 마포대로 112
커피앤시가렛,카페,3.5,60건,464,서울 중구 서소문로 116 유원빌딩 17층
대낚식당,"곱창,막창",3.1,54건,270,서울 강남구 역삼로 137 1층
라그릴리아 SPC스퀘어점,이탈리안,3.7,119건,235,서울 강남구 강남대로 352 SPC스퀘어 3층
부민옥,한식,3.5,121건,87,서울 중구 다동길 24-12
유림 가양본점,닭요리,3.4,270건,162,서울 강서구 양천로61길 90
정식당,퓨전한식,4.3,151건,273,서울 강남구 선릉로158길 11
호호식당 대학로점,일식,3.3,115건,400,서울 종로구 대학로9길 35 1층
경천애인2237,"육류,고기",4.0,134건,100,서울 강남구 테헤란로 421 암천빌딩 3층
성북동면옥집,냉면,3.4,105건,222,서울 성북구 대사관로 40
송죽장,중화요리,2.8,388건,458,서울 영등포구 문래로 203
프릳츠 원서점,카페,3.4,81건,398,서울 종로구 율곡로 83
오리올,카페,3.3,72건,164,서울 용산구 신흥로20길 43
몽중헌 방이점,중화요리,4.2,59건,139,"서울 송파구 위례성대로 10 S타워 20, 21층"
두껍삼 여의도직영점,삼겹살,4.0,45건,112,서울 영등포구 국제금융로2길 25 유수홀딩스빌딩 지하1층
오근내닭갈비,닭요리,3.6,110건,213,서울 용산구 이촌로29길 15
루엘드파리,"제과,베이커리",4.0,109건,259,서울 서초구 서초중앙로 18 112호
낙원타코 강남역점,"멕시칸,브라질",3.5,92건,499,서울 서초구 서초대로73길 9 타임빌딩 3층
수담한정식,한정식,3.8,72건,242,서울 강남구 봉은사로 418
블루보틀 압구정,카페,3.1,39건,123,서울 강남구 논현로 854 안다즈호텔 101호
타르틴베이커리 도산점,"제과,베이커리",3.3,37건,285,"서울 강남구 언주로168길 24 1,2층"
적당,디저트카페,3.6,52건,392,서울 중구 을지로 29 1층
영천영화 청담점,"육류,고기",3.6,95건,219,서울 강남구 도산대로90길 3
쉐이크쉑 두타점,햄버거,3.1,91건,493,서울 중구 장충단로 275 두타몰 1층
경기떡집,"떡,한과",3.8,67건,108,서울 마포구 동교로9길 24
전주전집,한식,3.2,212건,224,서울 동작구 동작대로7길 19
유진식당,한식,3.6,153건,221,서울 종로구 종로17길 40
광화문국밥 본점,국밥,3.8,141건,235,서울 중구 세종대로21길 53 1층
온정돈까스,"돈까스,우동",2.4,85건,224,서울 관악구 조원로 60 1층
한상차림밥상,한식,3.5,43건,99,서울 성북구 고려대로8길 35
원조할아버지손두부,두부전문점,4.2,55건,213,서울 광진구 자양로 324 1층
차이나린찐,중화요리,2.3,130건,70,서울 강동구 강동대로 217 인텍스파크뷰 1층
콘하스 연희점,카페,2.7,94건,243,서울 서대문구 연희로27길 99
대성참숯갈비,갈비,3.0,188건,209,서울 성동구 서울숲4길 27
철인7호치킨 홍대점,치킨,5.0,"1,372건",121,서울 마포구 양화로6길 99-3 반지하
도꼭지,한식,3.3,40건,239,서울 마포구 백범로10길 30 1층
이치젠,일식,3.4,110건,448,서울 마포구 포은로 109 1층 101호
능라도 강남점,냉면,3.8,112건,122,서울 강남구 삼성로 534
하이디라오 강남점,샤브샤브,3.7,76건,206,서울 서초구 서초대로77길 54 서초w타워 2층
로니로티 건대점,이탈리안,3.9,101건,651,서울 광진구 아차산로 225 3층
원조조박집 본관,"육류,고기",4.0,205건,102,서울 마포구 토정로 313-1
서일순대국,순대,3.6,222건,164,서울 동작구 여의대방로24길 10-4
잠수교집 3호점,삼겹살,3.5,17건,184,서울 송파구 송파대로49길 51
중림장,설렁탕,3.5,121건,138,서울 중구 청파로 459-1
포비 합정점,카페,3.7,122건,330,서울 마포구 양화로3길 66
원조순희네육회빈대떡,한식,3.3,374건,703,서울 종로구 종로32길 5
더피아노,커피전문점,2.9,46건,161,서울 종로구 평창6길 71
청와옥 석촌호수직영점,순대,3.3,35건,641,서울 송파구 삼학사로 96
스케줄 합정점,이탈리안,4.4,19건,204,서울 마포구 양화로6길 33
쉐이크쉑 타임스퀘어영등포점,햄버거,3.1,35건,251,서울 영등포구 영중로 15 1층
러스트베이커리,"제과,베이커리",2.9,73건,713,서울 영등포구 경인로79길 15 1층
943킹스크로스,카페,3.7,90건,299,서울 마포구 양화로16길 24
한입소반,분식,3.4,126건,382,서울 용산구 청파로45길 3 1층
진진수라 광화문점,한정식,3.9,38건,252,서울 종로구 종로5길 7 타워8빌딩 지하 2층 201-206호
은주정,한식,3.6,263건,311,서울 중구 창경궁로8길 32
브루클린더버거조인트 가로수길점,,3.8,126건,544,서울 강남구 도산대로15길 12 YG빌딩 1층
부타이,퓨전일식,3.5,53건,388,서울 강남구 테헤란로88길 22 지하 1층
카페413프로젝트,카페,4.2,78건,270,서울 강남구 논현로97길 19-11
텍사스데브라질 압구정점,"스테이크,립",2.8,18건,144,서울 강남구 논현로 854 지하1층
이이요,일식,4.0,99건,396,서울 광진구 능동로32길 6
페어링룸,이탈리안,3.8,70건,304,서울 강남구 도산대로81길 14 1층
충무집,"해물,생선",3.5,85건,76,서울 중구 을지로3길 30-14 1층
아델라베일리,이탈리안,3.3,85건,122,서울 종로구 북악산로 48
백제정육점,"육류,고기",3.5,138건,181,서울 종로구 종로35길 34
포브라더스 도곡점,동남아음식,3.8,116건,199,서울 강남구 논현로28길 40 덕영빌딩
백년화편,"떡,한과",4.5,32건,82,서울 강동구 양재대로81길 18
랑데자뷰 상수점,디저트카페,3.6,19건,657,서울 마포구 와우산로13길 49
진지아,중화요리,4.1,63건,183,"서울 송파구 백제고분로41길 12-9 1,2층"
성북동메밀수제비누룽지백숙,닭요리,3.5,264건,163,서울 성북구 성북로31길 9
삼원가든 본점(휴업중),"육류,고기",3.0,86건,69,서울 강남구 언주로 835
찬양집,국수,3.6,181건,218,서울 종로구 돈화문로11다길 5
할머니의레시피,한식,3.1,112건,327,서울 성동구 서울숲2길 44-12
오복수산 도산점,일식집,3.5,53건,319,서울 강남구 도산대로53길 14 2층
춘향미엔,중화요리,4.0,78건,255,서울 성동구 왕십리로21길 26
원조호수삼계탕 본점,삼계탕,3.7,461건,254,서울 영등포구 도림로 274-1
도토리브라더스,일식,3.5,137건,475,서울 종로구 경희궁길 41 1층
꿉당,"육류,고기",3.7,41건,225,서울 서초구 강남대로 615
황금콩밭,두부전문점,3.5,66건,109,서울 마포구 마포대로16길 9
온달집 본점,실내포장마차,3.6,31건,199,서울 강남구 강남대로152길 28 1층
성수족발,"족발,보쌈",3.4,449건,251,서울 성동구 아차산로7길 7 1층
진짜파스타,이탈리안,4.7,249건,87,서울 마포구 와우산로 64 전원빌딩 2층
캐틀앤비 양재천점,디저트카페,2.0,79건,241,서울 서초구 양재천로 131
오돌,한식,4.0,48건,"1,505",서울 영등포구 국회대로37길 6 1층
리사르커피로스터스,커피전문점,4.8,118건,64,서울 중구 다산로8길 16-7 1층
덕후선생,중화요리,3.2,37건,245,서울 강남구 선릉로 822 유리빌딩 5층
우와 1호점,철판요리,3.8,56건,232,서울 마포구 와우산로21길 21-16 202호
커피한약방,커피전문점,3.8,185건,743,서울 중구 삼일대로12길 16-6
라라브레드 한남점,"제과,베이커리",4.2,72건,325,서울 용산구 대사관로30길 8
밀도 성수본점,"제과,베이커리",3.8,129건,208,서울 성동구 왕십리로 96
오목눈이,디저트카페,4.0,50건,283,서울 관악구 장군봉1길 32 2층
신림춘천집,닭요리,4.5,98건,166,서울 구로구 디지털로32나길 17-23
마루심 본점,장어,3.7,191건,135,서울 서초구 고무래로10길 10 청구빌딩 1층
카쿠시타,일식집,4.2,60건,167,서울 마포구 동교로38길 33-15 지하 1층
포비 광화문점,카페,4.1,101건,388,서울 종로구 종로3길 17 광화문D타워 1층 21호
대도식당 강남대로점,"육류,고기",3.2,49건,93,서울 서초구 강남대로 567
포비브라이트 광화문점,카페,3.8,16건,195,서울 종로구 새문안로 76
청어람 본점,"곱창,막창",3.3,143건,202,서울 마포구 망원로 97 1층
오리지널 팬케이크하우스 가로수길점,,3.3,114건,150,서울 강남구 강남대로162길 41 동원빌딩 1층
봉피양 방이점 본관,냉면,3.7,246건,161,서울 송파구 양재대로71길 5
원조민속순대타운,순대,3.1,112건,170,서울 관악구 신림로59길 14
앤트러사이트 연희점,커피전문점,3.3,77건,196,서울 서대문구 연희로 135
당인리책발전소,북카페,3.5,40건,210,서울 마포구 월드컵로14길 10-8 1층
마포원조떡볶이,떡볶이,2.9,145건,314,서울 마포구 도화2길 3 1층
강강술래 상계점,"육류,고기",3.0,88건,121,서울 노원구 동일로 1628 5층
정돈,"돈까스,우동",4.4,54건,101,서울 마포구 어울마당로 46 1층
호텔707,카페,3.2,62건,519,서울 영등포구 도림로139길 2-2
평이담백 뼈칼국수 방이점,국수,4.5,25건,174,서울 송파구 위례성대로18길 31-12
테일러커피 신사점,커피전문점,4.1,54건,234,서울 강남구 강남대로160길 31 1층
교대이층집 본점,"육류,고기",4.0,146건,160,서울 서초구 서초대로50길 24 청화빌딩 2층
부자피자 1호점,피자,3.8,423건,157,서울 용산구 이태원로55가길 28
스테이지28,패밀리레스토랑,3.6,49건,188,서울 강동구 아리수로61길 105 1층
설마중,갈비,3.4,13건,68,서울 서초구 남부순환로 2648
오엔 카페앤레스토랑,이탈리안,3.2,69건,186,서울 강남구 압구정동 380-2 한강공원 잠원지구
박순례손말이고기 산정집 광화문점,,2.7,36건,105,서울 종로구 새문안로5가길 3-10 선덕빌딩 2층
배키욘방,일식,3.3,83건,431,서울 송파구 올림픽로32길 22-23 1층
고도식,"육류,고기",3.7,63건,337,서울 송파구 백제고분로45길 28
디자이너리카페,카페,3.3,24건,160,서울 관악구 관천로 71-1 4층
시간을들이다,"제과,베이커리",4.2,43건,107,서울 동작구 국사봉5길 4 1층
무니,카페,4.0,41건,186,서울 용산구 신흥로20길 37 1층
엘리스리틀이태리,이탈리안,4.2,116건,228,서울 송파구 백제고분로41길 43-21 1층
소바식당 성수점,일식,2.8,67건,461,서울 성동구 연무장7가길 6 1층
팔백집,갈비,3.9,49건,269,서울 성북구 보문로30길 46
돝고기506,"육류,고기",2.9,59건,191,"서울 강남구 역삼로17길 53 서연빌딩 2,3층"
대한옥 2호점,설렁탕,3.8,23건,100,서울 영등포구 가마산로69가길 7 1층
올드문래,"호프,요리주점",3.9,90건,460,서울 영등포구 도림로 433-6 1층
육전식당 본점,"육류,고기",4.1,222건,227,서울 동대문구 난계로30길 16
효뜨,베트남음식,3.7,82건,265,"서울 용산구 한강대로40가길 6 1,2층"
썸띵어바웃커피,디저트카페,3.7,49건,407,서울 강남구 강남대로102길 30 1~3층
온량,이탈리안,3.8,116건,405,서울 성동구 서울숲4길 26-10 1층
사랑방칼국수,닭요리,3.9,166건,377,서울 중구 퇴계로27길 46 1층
성천막국수,국수,4.0,77건,74,서울 동대문구 답십리로48나길 2 1층
부일갈비,갈비,4.5,45건,96,서울 영등포구 영중로6길 23-8
툭툭누들타이,태국음식,3.6,335건,341,서울 마포구 성미산로 161-8
영양족발순대국,순대,4.2,111건,306,서울 강서구 초록마을로2길 48 화곡본동시장 가-3호
한옥집김치찜 서대문본점,한식,3.1,369건,197,서울 서대문구 통일로9길 12 1층
테라로사 광화문점,커피전문점,3.7,92건,107,서울 종로구 종로1길 50
단디,퓨전일식,3.6,102건,587,서울 송파구 백제고분로45길 7 1층
엄용백돼지국밥 종각점,국밥,3.4,42건,183,서울 종로구 인사동3길 20
평이담백뼈칼국수,국수,3.2,33건,438,서울 마포구 양화로7길 84
일일향 1호점,중화요리,3.3,100건,126,서울 강남구 논현로168길 30
길목,"육류,고기",4.0,51건,267,서울 강남구 영동대로129길 10 1층
구스아일랜드 브루하우스,양식,3.6,97건,177,서울 강남구 역삼로 118
대림창고,갤러리카페,3.2,195건,368,서울 성동구 성수이로 78
쉐이크쉑 센트럴시티점,햄버거,3.4,76건,355,서울 서초구 신반포로 176 센트럴시티빌딩 1층 119호
대가방 본점,중화요리,3.3,182건,107,서울 강남구 선릉로145길 13 럭스웨이빌딩 1층
헤키,"돈까스,우동",4.3,155건,216,서울 마포구 월드컵로17길 38
최강금돈까스,"돈까스,우동",4.2,132건,306,서울 마포구 월드컵로3길 31-30
르프리크,햄버거,4.2,68건,225,서울 성동구 연무장5길 9-16 B103호
갓잇 올림픽공원점,"멕시칸,브라질",3.7,36건,148,서울 강동구 성안로 14
딩가케이크,디저트카페,2.6,92건,552,서울 마포구 동교로29길 68
타이거풀,양식,4.1,67건,242,서울 성동구 성수이로7가길 7
챔프커피 제3작업실,커피전문점,4.1,41건,312,서울 중구 을지로 157 대림상가 라열 3층 381호
강남곱,"곱창,막창",3.9,84건,213,"서울 강남구 역삼로3길 12 1,2층"
크라이치즈버거 삼성역점,햄버거,4.1,136건,457,서울 강남구 테헤란로 616 미래에셋벤처타워 지하1층
이자카야나무 강남3호점,일본식주점,3.7,31건,59,서울 서초구 서초대로75길 23
오죽이네,닭요리,4.1,65건,237,서울 종로구 돈화문로11가길 25
오복함흥냉면,냉면,3.4,124건,330,서울 용산구 한강대로84길 4
락희안 목동점,중화요리,3.8,31건,247,"서울 양천구 오목로 330 2,3층"
청수당,카페,3.8,54건,337,서울 종로구 돈화문로11나길 31-9
배식당,"호프,요리주점",3.8,18건,175,서울 강남구 도산대로49길 9 지하1층
신동궁감자탕뼈숯불구이 선릉직영점,,3.4,47건,200,서울 강남구 선릉로86길 39
모연,"육류,고기",4.6,50건,181,서울 마포구 토정로 318 영우빌딩 1층
크래버 대게나라 강남점,"게,대게",4.6,204건,216,서울 강남구 언주로 620 현대인텔렉스빌딩 1층
이요이요스시 공덕1호점,"초밥,롤",4.2,96건,100,서울 마포구 마포대로 167 공덕래미안5차아파트 상가 106호
온기정,일식,2.5,37건,325,서울 강남구 압구정로4길 13-9 1층
피양옥,냉면,3.7,45건,166,서울 강남구 삼성로133길 14
도산분식 도산공원점,분식,2.7,67건,514,서울 강남구 도산대로49길 10-6 젤로빌딩 1층
일일향 3호점,중화요리,3.2,80건,92,서울 서초구 서초대로78길 22 3층
대성집,해장국,3.8,233건,113,서울 종로구 사직로 5
강강술래 신림점,"육류,고기",2.7,115건,108,서울 관악구 남부순환로 1660
오랑지,카페,4.7,65건,260,서울 마포구 동교로38길 13 2층
소풍가는날,분식,4.2,86건,253,서울 관악구 봉천로 605
크라이치즈버거 양재역점,햄버거,4.3,105건,198,서울 서초구 강남대로41길 8
C27 가로수길본점,디저트카페,3.7,160건,359,서울 강남구 도산대로15길 39
3대삼계장인,삼계탕,4.6,153건,690,서울 서초구 반포대로28길 56-3 1층
함경도찹쌀순대,순대,3.8,249건,249,서울 송파구 송파대로28길 32
툇마루밥상,한식,3.5,205건,80,서울 송파구 송파대로22길 11
아루히,"초밥,롤",3.6,36건,346,서울 영등포구 여의나루로 42 여의도종합상가 2층 221호
앤디스커피,카페,3.6,20건,55,서울 마포구 와우산로35길 75 2층
무한야끼,"육류,고기",4.1,57건,693,서울 강서구 마곡중앙6로 42 사이언스타 212호
더로열푸드앤드링크,카페,3.0,48건,209,서울 용산구 신흥로20길 37 1층
쥬에,퓨전중식,3.7,21건,96,서울 용산구 독서당로 124-7
바다회사랑,회,3.3,187건,322,서울 마포구 동교로27길 60
농민백암왕순대,순대,4.5,124건,152,서울 강남구 역삼로3길 20-4
태양커피,커피전문점,4.3,89건,309,서울 서초구 서초대로25길 55 1층
스시소라,"초밥,롤",4.0,59건,81,서울 강남구 삼성로85길 33 현대썬앤빌 203호
마포양지설렁탕,설렁탕,3.2,105건,96,서울 마포구 새창로 6
곱 마포점,"곱창,막창",3.8,94건,232,서울 마포구 도화길 31-1
잘빠진메밀 서촌점,국수,3.6,66건,297,서울 종로구 자하문로11길 4
스시도쿠,"초밥,롤",4.2,293건,286,서울 성동구 왕십리광장로 8
더하우스1932,카페,3.8,24건,147,서울 중구 만리재로35길 7
필동함박 충무로1호점,"스테이크,립",3.4,94건,169,서울 중구 퇴계로 218-16 1층
앤트러사이트 합정점,커피전문점,3.7,237건,264,서울 마포구 토정로5길 10
소문난식당,한식,4.0,63건,147,서울 영등포구 도림로141가길 32-1
산들해 송파점,한정식,3.2,134건,48,서울 송파구 위례성대로 6 현대토픽스 2층
새들러하우스,디저트카페,3.6,85건,36,서울 강남구 도산대로17길 10 지하 1층
스코프 부암점,"제과,베이커리",4.1,115건,78,서울 종로구 창의문로 149
챔프커피 2작업실,커피전문점,3.7,74건,204,서울 용산구 녹사평대로26가길 24 1층
은행골 본점신관,"초밥,롤",3.5,366건,241,서울 관악구 조원로 10-1 1층
복돈이부추삼겹살 사당본점,삼겹살,2.6,146건,291,"서울 관악구 남현1길 68-14 1, 2층"
고메이494 한남점,한식,3.6,14건,142,서울 용산구 한남동 829
나리의집,한식,3.3,142건,229,서울 용산구 이태원로 245
한소반 청계산점,한식,3.4,121건,121,서울 서초구 청계산로 249
테일러커피 연남1호점,커피전문점,3.8,68건,195,서울 마포구 성미산로 189 1층
강강술래 역삼점,"육류,고기",3.3,71건,54,서울 강남구 논현로 325
신촌형제갈비,갈비,2.4,154건,83,서울 서대문구 명물1길 2
빵의정석,"제과,베이커리",3.9,67건,128,서울 성동구 서울숲2길 45 1층
또보겠지떡볶이 해피토스점,떡볶이,3.9,185건,109,서울 마포구 잔다리로6길 34-5 2층
가산물갈비&백년불고기,"불고기,두루치기",3.7,21건,258,서울 금천구 가산디지털1로 128 STXV타워 1층 110호
백년옥 본관,두부전문점,3.3,256건,307,서울 서초구 남부순환로 2407
백부장집닭한마리 본관,닭요리,3.9,118건,145,서울 종로구 삼봉로 100-1
남도애꽃,한정식,3.9,24건,67,서울 강남구 테헤란로14길 16
마이클 바이 해비치,이탈리안,3.5,28건,116,서울 종로구 우정국로 26 센트로폴리스 B타워 2층
마싯내,"돈까스,우동",4.4,33건,212,서울 송파구 석촌호수로18길 7 수정빌딩 1층 102호
커피가게동경,커피전문점,3.6,125건,250,서울 마포구 망원로6길 21 지하
진진 본관,중화요리,3.9,106건,66,서울 마포구 잔다리로 123
바토스 이태원점,"멕시칸,브라질",3.8,236건,288,"서울 용산구 이태원로15길 1 1,2층"
락희안 명지대본점,중화요리,4.1,66건,135,"서울 서대문구 가재울로4길 53 1, 2층"
와이키키마켓,"육류,고기",3.4,24건,207,서울 마포구 마포나루길 332
키누카누 발산점,뷔페,3.1,62건,49,"서울 강서구 공항대로 247 퀸즈파크나인 지하1층 103,104호"
은행골 신사점,"초밥,롤",3.9,187건,424,서울 강남구 강남대로152길 42 2층
홍철책빵(휴업중),"제과,베이커리",3.8,21건,214,서울 용산구 한강대로102길 57
육전식당 4호점,"육류,고기",4.0,93건,161,서울 강남구 테헤란로8길 11-4 1층
이성원쉐프의 청년감자탕순대국 방이동본점,,3.8,43건,477,서울 송파구 오금로19길 5
오레노라멘 송파점,일본식라면,4.6,74건,185,서울 송파구 백제고분로45길 17-3 1층 102호
3일한우국밥,국밥,3.9,62건,129,서울 영등포구 영등포로 204
봉우리 역삼본점,한정식,3.8,29건,56,서울 강남구 논현로94길 25-3
홍미단,분식,3.9,72건,196,서울 서초구 효령로31길 94
군산오징어 잠실본점,"해물,생선",3.1,240건,202,서울 송파구 삼학사로 101 세준빌딩 1~3층
설눈,냉면,4.0,35건,143,서울 서초구 서초대로46길 20-7 영토빌딩 1층
마호가니커피 여의도점,카페,3.3,34건,192,서울 영등포구 여의대로 66 KTB빌딩 1층
우디집,카페,3.8,30건,297,서울 성동구 둘레9길 17 2층
수입식당,삼겹살,2.8,22건,85,서울 강남구 논현로79길 62 지하1층
공푸,중화요리,4.3,82건,151,서울 성북구 삼선교로24길 29
피그인더가든 강남점,양식,2.9,68건,384,서울 강남구 강남대로 358 강남358타워 1층
연어롭다,"해물,생선",3.7,76건,453,서울 마포구 동교로38길 42 지하1층
진주회관,국수,3.5,453건,320,서울 중구 세종대로11길 26
브런치가,카페,2.9,56건,225,서울 마포구 월드컵북로4길 39
양미옥 을지로본점,"곱창,막창",3.6,227건,145,서울 중구 충무로 62
오향가 가락본점,"족발,보쌈",4.0,150건,212,서울 송파구 송이로 106
더베이커스테이블,"제과,베이커리",3.1,163건,331,서울 용산구 녹사평대로 244-1 1층
영일분식,국수,3.4,155건,287,서울 영등포구 도림로141가길 34-1
카페아르크,카페,3.8,23건,146,서울 종로구 인왕산로 3 위쿡 1층
타르데마베이커리,"제과,베이커리",4.1,32건,84,서울 강서구 강서로46길 9 1층
조연탄,"육류,고기",4.1,80건,185,서울 강서구 곰달래로60길 29
라그릴리아 광화문점,이탈리안,3.0,45건,94,서울 종로구 청계천로 11 청계한국빌딩 2층
신사모소리,"육류,고기",4.6,30건,243,서울 강남구 도산대로1길 24
일미집,감자탕,3.4,128건,271,서울 용산구 후암로 1-1 1층
제주오겹살왕돌구이집 방이동본점,,3.3,205건,125,서울 송파구 오금로15길 9-12
혜화도담,한식,4.3,60건,209,서울 종로구 대명1길 16-6
돈카츠윤석,"돈까스,우동",3.6,65건,223,서울 마포구 백범로10길 30 1층
미니마이즈,"제과,베이커리",3.6,26건,221,서울 용산구 독서당로 65-1 지하 1층
영동족발 본점,"족발,보쌈",3.1,85건,102,서울 서초구 남부순환로358길 8
긴자 청담점,일식집,3.6,30건,59,서울 강남구 도산대로 534
커피리브레 연남점,커피전문점,3.2,239건,107,서울 마포구 성미산로 200
두툼,"육류,고기",3.9,81건,128,서울 중구 중림로 10 삼성사이버빌리지 3동 1층 105호
아찌떡볶이,분식,3.6,65건,111,서울 광진구 아차산로29길 53
두껍삼 역삼직영점,삼겹살,3.2,28건,151,서울 강남구 테헤란로8길 17 1~3층
철길떡볶이,떡볶이,2.8,111건,188,서울 서대문구 충정로 35-6
원조홍릉각,중화요리,3.3,41건,61,서울 동대문구 약령시로 90
꾸이꾸이돼지촌쭈꾸미,"육류,고기",4.0,37건,107,서울 강서구 초원로 77
오복수산,일식,3.4,23건,176,서울 송파구 백제고분로45길 17-3 1층
당산옛날곱창,"곱창,막창",4.3,49건,189,서울 영등포구 당산로47길 14
카페써드,커피전문점,3.8,8건,98,서울 강남구 선릉로131길 11 1층
앤트러사이트 한남점,카페,3.7,101건,179,서울 용산구 이태원로 240 1~3층
영덕회식당,회,3.7,53건,101,서울 중구 창경궁로1길 6
가양칼국수,국수,3.8,162건,280,서울 영등포구 국제금융로 78 홍우빌딩 지하1층
중화복춘,중화요리,4.1,153건,176,서울 마포구 동교로 220-7 1층
장인닭갈비 강남점,닭요리,3.2,150건,515,서울 강남구 테헤란로1길 19 지하 1층
카페밤비,디저트카페,3.1,19건,99,서울 마포구 동교로9길 36 1층
안동장,중화요리,3.4,148건,149,서울 중구 을지로 124
크래버 대게나라 서초점,"게,대게",4.6,204건,93,서울 서초구 반포대로 68
홍명,중화요리,3.2,85건,115,서울 강남구 논현로131길 10
스미스가좋아하는한옥,이탈리안,3.3,86건,158,서울 종로구 삼청로 22-7
한일관 압구정점,한정식,3.5,123건,68,서울 강남구 압구정로38길 14
레이어드,카페,3.1,157건,814,서울 종로구 북촌로2길 2-3
츄라우미 역삼본점,"초밥,롤",2.2,17건,69,서울 강남구 언주로93길 21 남전타운 2층
대관원,중화요리,3.6,65건,120,서울 영등포구 당산로37길 1 2층
송쉐프,중화요리,3.7,56건,177,서울 강남구 도산대로1길 40
동원집,감자탕,3.2,189건,305,서울 중구 을지로11길 22 1~2층
어메이징타일랜드,태국음식,4.0,71건,110,서울 마포구 월드컵북로1길 42
은화계,한식,3.7,37건,142,서울 중구 퇴계로 374
평래옥,냉면,3.4,281건,191,서울 중구 마른내로 21-1
삼육가 논현직영점,"육류,고기",3.9,30건,168,서울 강남구 강남대로114길 8
광안리,"해물,생선",3.4,42건,163,서울 동작구 동작대로7길 5 1층
칸다소바 경복궁점,일본식라면,3.8,132건,196,서울 종로구 자하문로7길 5 1층
연희동칼국수 본점,국수,3.3,201건,132,서울 서대문구 연희맛로 37
진스시,"초밥,롤",4.3,13건,51,서울 서초구 강남대로43길 22-2
수아당,분식,3.7,35건,603,서울 성북구 동소문로20가길 33 1층
도마 인사점,한식,4.0,72건,117,서울 종로구 인사동8길 6-1
을지OB베어,"호프,요리주점",4.5,78건,174,서울 중구 충무로9길 12 1층
서울신라호텔 더파크뷰,뷔페,3.8,168건,351,서울 중구 동호로 249 1층
등나무집,"육류,고기",3.6,146건,97,서울 동작구 대림로 52
테스트키친,이탈리안,4.5,52건,158,서울 강남구 압구정로46길 67 1층
정돈프리미엄,"돈까스,우동",4.1,95건,250,서울 강남구 강남대로160길 28
강강술래 당산점,"육류,고기",2.5,26건,72,서울 영등포구 선유로 251
마장동한우촌,"육류,고기",3.1,41건,97,"서울 성동구 마장로35길 68 1, 2층"
다츠,퓨전요리,3.7,58건,129,서울 용산구 이태원로55나길 6
삿뽀로 방이점,일식집,3.7,28건,41,서울 송파구 오금로11길 7 제이타워빌딩 2층
빌즈 강남,양식,3.5,31건,235,서울 강남구 테헤란로 142 아크플레이스 2층
브랜뉴하이몬드,디저트카페,2.9,28건,200,"서울 강동구 천호옛14길 11 1,2층"
나누미떡볶이 성대본점,떡볶이,3.6,182건,208,서울 종로구 성균관로 9-1
달맞이,일식,4.0,20건,127,서울 강남구 강남대로128길 10
정담은보쌈 신림점,"족발,보쌈",4.1,81건,124,서울 관악구 남부순환로 1661
오레노카츠 성수본점,"돈까스,우동",3.6,56건,188,서울 성동구 성수일로 47 1층 102호
로니로티 노원점,양식,4.1,17건,256,서울 노원구 상계로 63-7 청우빌딩 2층 201호
광화문한옥집,한식,3.8,48건,44,서울 종로구 새문안로5가길 7 세종클럽 지하 1층
달맞이,일식,4.0,20건,127,서울 강남구 강남대로128길 10
정담은보쌈 신림점,"족발,보쌈",4.1,81건,124,서울 관악구 남부순환로 1661
오레노카츠 성수본점,"돈까스,우동",3.6,56건,188,서울 성동구 성수일로 47 1층 102호
로니로티 노원점,양식,4.1,17건,256,서울 노원구 상계로 63-7 청우빌딩 2층 201호
광화문한옥집,한식,3.8,48건,44,서울 종로구 새문안로5가길 7 세종클럽 지하 1층