카페노티드 서래,카페,3.0,35건,341,서울 서초구 방배로32길 30-9 1층
카페노티드 안국,카페,3.0,85건,631,서울 종로구 북촌로 6-3 1층
블루보틀 삼청한옥,카페,3.1,116건,898,서울 종로구 삼청로2길 40-3
카페노티드 청담,디저트카페,3.5,164건,"1,347",서울 강남구 도산대로53길 15 1층
블루보틀 성수,카페,3.0,135건,975,서울 성동구 아차산로 7
할아버지공장,디저트카페,3.2,88건,574,서울 성동구 성수이로7가길 9
블루보틀 역삼,카페,3.2,54건,165,서울 강남구 테헤란로 129 강남N타워 1층
꽁티드툴레아 도산점,테마카페,2.6,37건,491,서울 강남구 도산대로49길 39 1층
랑데자뷰 강남점,카페,3.2,38건,540,서울 강남구 봉은사로6길 39 1층
고양이정원,고양이카페,3.2,82건,230,서울 강서구 개화동로19길 18 1층
라라브레드 공릉점,디저트카페,4.1,61건,335,서울 노원구 공릉로41길 32
카페캠프통 압구정살롱점,디저트카페,3.5,26건,801,서울 강남구 압구정로42길 27
땡스오트 연남점,디저트카페,4.0,55건,538,서울 마포구 성미산로23길 68
맘마미아,카페,2.6,59건,756,서울 강남구 압구정로42길 45
프릳츠 도화점,디저트카페,4.0,270건,772,서울 마포구 새창로2길 17
어반플랜트,디저트카페,4.0,111건,556,"서울 마포구 독막로4길 3 1,2층"
1인1잔,카페,3.7,52건,471,"서울 은평구 연서로 534 1,2층"
어니언 안국점,카페,2.8,104건,"1,068",서울 종로구 계동길 5
호랑이,카페,3.2,142건,770,서울 중구 을지로 157 대림상가 3층 라열 351호
라라브레드 송파점,디저트카페,3.9,136건,636,서울 송파구 오금로16길 4
성북동빵공장,디저트카페,2.7,92건,309,서울 성북구 대사관로 40 B동 1~3층
맥심플랜트,카페,4.2,109건,328,서울 용산구 이태원로 250
카페1953위드오드리,카페,4.0,45건,257,서울 영등포구 경인로77가길 12
정월,카페,4.0,47건,402,서울 강남구 강남대로102길 46 1층
스윗솔트,디저트카페,4.3,137건,231,서울 강동구 상암로 286
아우프글렛 금호점,카페,3.0,69건,502,서울 성동구 독서당로51길 7 1층
피오니 홍대점,카페,3.7,477건,364,서울 마포구 어울마당로 56 1층
스태픽스,카페,3.5,54건,251,서울 종로구 사직로9길 22 102호
프릳츠 양재점,카페,3.9,100건,451,서울 서초구 강남대로37길 24-11 서림빌딩 1층
산모퉁이,카페,3.4,304건,237,서울 종로구 백석동길 153
레이어드 연남점,디저트카페,2.7,104건,668,서울 마포구 성미산로 161-4
테라로사 포스코센터점,커피전문점,3.9,64건,385,서울 강남구 테헤란로 440 포스코센터 1층
어니언,디저트카페,3.5,190건,496,서울 성동구 아차산로9길 8
아키비스트,카페,3.8,61건,277,서울 종로구 효자로13길 52
비파티세리 공덕점,카페,4.0,55건,223,서울 마포구 마포대로14길 4 1층
알베르,카페,3.0,190건,325,서울 강남구 강남대로102길 34
사유,갤러리카페,3.2,76건,456,서울 용산구 이태원로54길 5
공미학,커피전문점,3.8,37건,256,서울 서초구 서초대로48길 101 1층
앤트러사이트 서교점,카페,3.7,127건,269,서울 마포구 월드컵로12길 11
쎈느,카페,3.0,24건,193,서울 성동구 연무장5길 20
블랑제메종북악,디저트카페,3.3,46건,250,서울 성북구 성북로 156
덕수궁 리에제와플,카페,3.5,102건,396,서울 중구 덕수궁길 5 1층
커피앤시가렛,카페,3.5,60건,464,서울 중구 서소문로 116 유원빌딩 17층
프릳츠 원서점,카페,3.4,81건,398,서울 종로구 율곡로 83
오리올,카페,3.3,72건,164,서울 용산구 신흥로20길 43
블루보틀 압구정,카페,3.1,39건,123,서울 강남구 논현로 854 안다즈호텔 101호
적당,디저트카페,3.6,52건,392,서울 중구 을지로 29 1층
콘하스 연희점,카페,2.7,94건,243,서울 서대문구 연희로27길 99
포비 합정점,카페,3.7,122건,330,서울 마포구 양화로3길 66
더피아노,커피전문점,2.9,46건,161,서울 종로구 평창6길 71
943킹스크로스,카페,3.7,90건,299,서울 마포구 양화로16길 24
카페413프로젝트,카페,4.2,78건,270,서울 강남구 논현로97길 19-11
랑데자뷰 상수점,디저트카페,3.6,19건,657,서울 마포구 와우산로13길 49
캐틀앤비 양재천점,디저트카페,2.0,79건,241,서울 서초구 양재천로 131
리사르커피로스터스,커피전문점,4.8,118건,64,서울 중구 다산로8길 16-7 1층
커피한약방,커피전문점,3.8,185건,743,서울 중구 삼일대로12길 16-6
오목눈이,디저트카페,4.0,50건,283,서울 관악구 장군봉1길 32 2층
포비 광화문점,카페,4.1,101건,388,서울 종로구 종로3길 17 광화문D타워 1층 21호
포비브라이트 광화문점,카페,3.8,16건,195,서울 종로구 새문안로 76
오리지널 팬케이크하우스 가로수길점,,3.3,114건,150,서울 강남구 강남대로162길 41 동원빌딩 1층
앤트러사이트 연희점,커피전문점,3.3,77건,196,서울 서대문구 연희로 135
당인리책발전소,북카페,3.5,40건,210,서울 마포구 월드컵로14길 10-8 1층
호텔707,카페,3.2,62건,519,서울 영등포구 도림로139길 2-2
테일러커피 신사점,커피전문점,4.1,54건,234,서울 강남구 강남대로160길 31 1층
디자이너리카페,카페,3.3,24건,160,서울 관악구 관천로 71-1 4층
무니,카페,4.0,41건,186,서울 용산구 신흥로20길 37 1층
썸띵어바웃커피,디저트카페,3.7,49건,407,서울 강남구 강남대로102길 30 1~3층
테라로사 광화문점,커피전문점,3.7,92건,107,서울 종로구 종로1길 50
대림창고,갤러리카페,3.2,195건,368,서울 성동구 성수이로 78
딩가케이크,디저트카페,2.6,92건,552,서울 마포구 동교로29길 68
챔프커피 제3작업실,커피전문점,4.1,41건,312,서울 중구 을지로 157 대림상가 라열 3층 381호
청수당,카페,3.8,54건,337,서울 종로구 돈화문로11나길 31-9
오랑지,카페,4.7,65건,260,서울 마포구 동교로38길 13 2층
C27 가로수길본점,디저트카페,3.7,160건,359,서울 강남구 도산대로15길 39
앤디스커피,카페,3.6,20건,55,서울 마포구 와우산로35길 75 2층
더로열푸드앤드링크,카페,3.0,48건,209,서울 용산구 신흥로20길 37 1층
태양커피,커피전문점,4.3,89건,309,서울 서초구 서초대로25길 55 1층
더하우스1932,카페,3.8,24건,147,서울 중구 만리재로35길 7
앤트러사이트 합정점,커피전문점,3.7,237건,264,서울 마포구 토정로5길 10
새들러하우스,디저트카페,3.6,85건,36,서울 강남구 도산대로17길 10 지하 1층
챔프커피 2작업실,커피전문점,3.7,74건,204,서울 용산구 녹사평대로26가길 24 1층
테일러커피 연남1호점,커피전문점,3.8,68건,195,서울 마포구 성미산로 189 1층
커피가게동경,커피전문점,3.6,125건,250,서울 마포구 망원로6길 21 지하
마호가니커피 여의도점,카페,3.3,34건,192,서울 영등포구 여의대로 66 KTB빌딩 1층
우디집,카페,3.8,30건,297,서울 성동구 둘레9길 17 2층
브런치가,카페,2.9,56건,225,서울 마포구 월드컵북로4길 39
카페아르크,카페,3.8,23건,146,서울 종로구 인왕산로 3 위쿡 1층
커피리브레 연남점,커피전문점,3.2,239건,107,서울 마포구 성미산로 200
카페써드,커피전문점,3.8,8건,98,서울 강남구 선릉로131길 11 1층
앤트러사이트 한남점,카페,3.7,101건,179,서울 용산구 이태원로 240 1~3층
카페밤비,디저트카페,3.1,19건,99,서울 마포구 동교로9길 36 1층
레이어드,카페,3.1,157건,814,서울 종로구 북촌로2길 2-3
브랜뉴하이몬드,디저트카페,2.9,28건,200,"서울 강동구 천호옛14길 11 1,2층"
소진담 신사점,카페,4.0,73건,216,"서울 강남구 논현로161길 51 1, 지하1층"
카페토다,카페,4.0,57건,106,서울 서초구 성촌6길 39
인더매스 마장,카페,4.3,39건,274,서울 성동구 마장로 270
카페스콘,카페,3.4,42건,467,서울 마포구 성미산로 172
뉴질랜드스토리,카페,3.8,81건,191,서울 송파구 석촌호수로 268 경남레이크파크 1층
차 성수점,카페,2.6,58건,148,서울 성동구 서울숲6길 2 1층
오츠커피,카페,4.4,50건,172,서울 용산구 원효로89길 13-12
얼스어스,카페,3.9,76건,302,서울 마포구 성미산로 150
테일러커피 서교점,커피전문점,4.2,132건,122,서울 마포구 와우산로27길 7 2층
카페드레이프,카페,3.3,27건,217,서울 영등포구 양산로 146
더스팟 패뷸러스,디저트카페,3.6,44건,464,서울 중구 명동2길 22
멜로워 성수플래그쉽,카페,4.0,54건,316,서울 성동구 성수이로7길 39
10꼬르소꼬모카페,테마카페,3.2,59건,132,서울 강남구 압구정로 416 더트리니티빌딩 지하1층
톤앤매너,카페,4.4,20건,27,서울 마포구 와우산로29가길 13 1층
서울리즘,커피전문점,2.3,60건,346,"서울 송파구 백제고분로 435 예스빌딩 1,6층"
루소랩 정동점,카페,4.3,75건,115,서울 중구 정동길 17 이화정동빌딩
1984,북카페,3.7,51건,445,서울 마포구 동교로 194 혜원빌딩 1층
벨라스가든,카페,3.8,33건,169,서울 송파구 백제고분로41길 42-19
작당모의,카페,3.1,67건,313,서울 마포구 동교로32길 19 1층
아우어베이커리 싸이더스점,디저트카페,4.0,22건,164,서울 강남구 선릉로 629 A동 1층 101호
달링키친,카페,3.7,26건,174,서울 강남구 언주로126길 25
트래버틴,커피전문점,3.3,31건,149,서울 용산구 한강대로7길 18-7
뚝방길홍차가게,카페,4.5,46건,154,서울 광진구 자양강변길 277 1층
매뉴팩트커피 연희본점,카페,4.4,92건,124,서울 서대문구 연희로11길 29
에잇디,카페,3.4,35건,238,서울 강남구 선릉로153길 37 1층
동작노을카페,카페,3.2,43건,73,"서울 동작구 동작대로 335 3,4층"
오리지널 팬케익하우스 이태원점,,3.2,49건,112,서울 용산구 이태원로 153 덕흥빌딩 1층
펠트커피 도산공원점,카페,3.7,48건,101,서울 강남구 언주로164길 23
바캉스커피,카페,3.3,23건,282,서울 중구 남대문로9길 12 9층
나무사이로,커피전문점,3.8,106건,133,서울 종로구 사직로8길 21
개뿔,갤러리카페,3.9,43건,162,서울 종로구 낙산성곽서1길 26 1~2층
홍만당 명동본점,디저트카페,3.7,18건,229,서울 중구 명동8길 11-6 1층
오린지,디저트카페,3.9,41건,175,서울 송파구 송파대로48길 19 1층
센터커피 서울숲점,커피전문점,3.7,51건,97,서울 성동구 서울숲2길 28-11 1층
껠끄쇼즈,디저트카페,4.6,38건,107,서울 강남구 도곡로70길 5
빈브라더스 합정점,커피전문점,4.2,95건,139,서울 마포구 토정로 35-1
더파이홀,디저트카페,3.9,120건,200,서울 서대문구 연세로5나길 20
프로퍼커피바,카페,3.4,57건,261,서울 송파구 위례성대로22길 6 유진빌딩 1층
모아새,디저트카페,3.6,35건,75,서울 마포구 포은로 71 1층
카몽,디저트카페,4.6,48건,81,서울 서초구 서초대로42길 17 1층
빵어니스타 압구정점,디저트카페,3.5,24건,90,서울 강남구 도산대로25길 43 1층
학림다방,다방,3.8,143건,217,서울 종로구 대학로 119 2층
루프탑카페 연무장,커피전문점,3.6,25건,200,서울 성동구 연무장길 36 쏘비트타워 8층
밤부베이커리&브루잉,디저트카페,3.6,57건,344,서울 마포구 월드컵로5길 33-23
카페요호,카페,4.0,43건,132,서울 마포구 잔다리로 88 1층
동백양과점 익선점,커피전문점,2.3,73건,482,서울 종로구 수표로28길 17-24
아르무아,카페,3.6,36건,222,서울 광진구 동일로22길 117-27 1~2층
시루케이크,떡카페,4.5,30건,113,서울 마포구 와우산로1길 4
콩카페 연남점,카페,3.6,68건,485,서울 마포구 성미산로 161-14 1층
메쉬커피,커피전문점,3.7,74건,86,서울 성동구 서울숲길 43
도봉관,디저트카페,3.9,35건,128,서울 도봉구 노해로 261 1층
고센,카페,3.0,83건,100,서울 강남구 선릉로158길 18
페어,카페,3.4,37건,225,서울 마포구 잔다리로7안길 23 1층
올모스트홈카페 아트선재센터점,카페,3.0,36건,275,서울 종로구 소격동 144-2
겟썸커피,커피전문점,3.7,43건,209,서울 강남구 봉은사로6길 30 지하1층
카멜 성수점,카페,3.6,48건,150,서울 성동구 성덕정19길 6
뷰클랜드,카페,4.4,52건,307,서울 송파구 백제고분로43길 10 1층
트리아농,디저트카페,3.4,37건,203,서울 강남구 학동로59길 43
카페진정성 여의도점,카페,3.3,50건,108,서울 영등포구 국제금융로8길 31 SK증권빌딩 1층
타르타르 강남역점,디저트카페,4.1,27건,392,서울 서초구 강남대로61길 13 1층
빌리프커피로스터스,커피전문점,3.4,100건,198,서울 마포구 양화로11길 50 1층
카페성수,커피전문점,3.1,47건,122,서울 성동구 서울숲4길 13
인왕산 대충유원지,카페,3.6,42건,159,서울 종로구 필운대로 46 무목적빌딩 4층
섬광,카페,3.4,35건,233,서울 중구 창경궁로1길 38
하이웨스트 익선,카페,3.0,27건,397,서울 종로구 돈화문로11다길 18
밀크홀1937 종로점,카페,4.0,38건,168,서울 종로구 종로 86-1
랑데자뷰 서교점,카페,4.1,45건,595,서울 마포구 월드컵북로5길 53
젠젠 잠실점,디저트카페,3.3,48건,247,서울 송파구 백제고분로45길 34 동방빌딩 2층
비라티오 홍대점,커피전문점,4.0,36건,175,"서울 마포구 잔다리로 28 1,2층"
르솔레이,디저트카페,4.5,51건,84,서울 서대문구 연희맛로 7-29
앙떼띠 잠실점,디저트카페,3.9,26건,63,"서울 송파구 올림픽로 342 형인타워 1, 2층"
서정적살롱,카페,2.2,36건,130,서울 송파구 석촌호수로 274
로우커피스탠드,커피전문점,4.5,61건,159,서울 성동구 왕십리로4길 28-2 1층
테라로사 한남점,커피전문점,4.0,19건,72,"서울 용산구 이태원로36길 15 지하1,2층"
내자상회,카페,4.0,44건,220,서울 종로구 사직로10길 3 1층
카페로비,디저트카페,4.0,24건,146,서울 서초구 반포대로20길 53 1층
파넬카페,카페,3.5,33건,169,서울 강남구 언주로164길 14
마일스톤커피,카페,4.2,72건,237,서울 강남구 논현로159길 49
카페어니언 미아점,카페,4.2,34건,147,서울 강북구 솔매로50길 55 1층
카페솔트,카페,4.0,31건,164,서울 영등포구 도림로133길 12 1층
메이비,카페,3.4,133건,106,서울 구로구 디지털로32나길 51
카페피크닉,카페,2.8,13건,148,서울 중구 퇴계로6가길 30 1층 102호
SM타운카페,카페,3.8,5건,28,서울 강남구 삼성로 648 SM커뮤니케이션센터 1층
사생활,카페,4.2,31건,143,서울 관악구 신사로14길 19 지하1층
카페우드진,카페,3.8,16건,105,서울 강서구 마곡중앙6로 45 리더스퀘어 1층 113호
써머레인,디저트카페,3.6,65건,29,서울 용산구 이태원로55가길 49 1층
데칸트,카페,3.1,25건,187,서울 강남구 압구정로72길 10 2층
어나더룸 연남,카페,4.0,35건,154,서울 마포구 성미산로29안길 19-4 1층
페니힐스,커피전문점,3.6,55건,119,서울 동작구 동작대로1길 10-14 1층
카페퍼블리코 본점,카페,3.6,23건,63,"서울 동작구 상도로 47 헬로우빌딩 1,2층"
맷카페,카페,4.1,41건,105,서울 강남구 학동로50길 42 1층
뚜스뚜스 등촌점,카페,3.0,39건,58,서울 강서구 공항대로45길 92 1층
카페블라썸 강남점,카페,3.5,35건,405,서울 강남구 강남대로102길 25
마얘,디저트카페,3.4,103건,238,서울 서초구 사평대로22길 14 1층
세시셀라 도산공원점,디저트카페,3.8,90건,191,서울 강남구 도산대로45길 10-4 삼경빌딩 1층
H라운지,카페,2.7,9건,171,서울 종로구 자하문로4길 21-9
세드라,디저트카페,3.6,31건,77,서울 강남구 역삼로67길 15 샬롬빌 1층 101호
러시아케익,디저트카페,4.7,86건,103,서울 중구 을지로42길 7
부빙,카페,4.0,71건,142,서울 종로구 창의문로 136
감각,카페,3.3,18건,176,서울 노원구 상계로 77 1층
더플레이트디저트 더현대서울점,디저트카페,3.2,11건,87,서울 영등포구 여의대로 108 지하 1층 식품관
딥블루레이크 커피로스터스,커피전문점,4.2,91건,146,서울 마포구 포은로6길 11
수연산방,전통찻집,3.5,228건,152,서울 성북구 성북로26길 8
스웨이커피스테이션,카페,4.3,29건,114,서울 서대문구 연희로11길 61
헤이보울,카페,4.4,43건,195,서울 성동구 성수이로7가길 13 1층
로우키,카페,4.6,58건,146,서울 성동구 연무장3길 6
데얼커피,커피전문점,4.0,16건,169,서울 마포구 연남로3길 23 지하1층
도렐 육지3호점,카페,2.7,32건,234,서울 성동구 연무장7길 11 1층
해로커피,커피전문점,4.3,37건,105,서울 성북구 성북로 19-3 1층
버터풀&크리멀러스,디저트카페,4.2,19건,191,서울 강남구 언주로172길 59 삼두빌딩 1층
피클피클,카페,3.3,32건,168,서울 용산구 신흥로 95
이브닝블루,디저트카페,4.5,10건,56,서울 강남구 봉은사로33길 7 1층
피그인더가든 여의도점,카페,3.1,39건,156,서울 영등포구 여의대로 56 한화투자증권빌딩 1층
키에리 이태원점,디저트카페,1.8,160건,199,서울 용산구 이태원로26길 16-8 1층
오르에르,디저트카페,3.2,92건,131,서울 성동구 연무장길 18
뚜스뚜스베이커리카페 선유도점,디저트카페,3.4,39건,85,서울 영등포구 양평로 132 1층
언더야드,커피전문점,4.0,20건,152,서울 용산구 한남대로27가길 26
고양이똥 3호점,카페,3.5,17건,77,서울 강서구 공항대로45길 30 1층
더피터커피,카페,3.8,30건,204,서울 중구 퇴계로 411
콜린,테마카페,3.7,46건,280,"서울 마포구 어울마당로 45 1,2층"
라크라센타 문래본점,카페,3.4,52건,128,서울 영등포구 문래로 92-5
인바이티드,카페,3.5,20건,109,서울 용산구 한강대로52길 41
도우터,카페,4.1,19건,211,서울 광진구 아차산로31길 40
수잔나의앞치마,카페,3.0,38건,201,서울 중구 퇴계로49길 24
기욤 청담점,디저트카페,3.3,63건,207,서울 강남구 선릉로152길 17
키쉬미뇽,카페,3.2,49건,290,서울 마포구 양화로6길 35
아베크엘카페,카페,4.2,55건,166,서울 용산구 두텁바위로69길 29
민트하임,디저트카페,3.9,31건,107,서울 마포구 잔다리로6길 28
카페마마스 센터원점,카페,3.3,195건,87,서울 중구 을지로5길 26 센터원빌딩 1층
미엘,갤러리카페,3.3,78건,98,서울 강남구 도산대로67길 13-12 퍼즐하우스 1층
갈십리,디저트카페,4.0,22건,210,"서울 성동구 마조로 15-11 1, 2층"
마뫼,카페,3.3,30건,133,서울 중구 소파로 41
공상온도,카페,4.1,14건,133,서울 마포구 동교로23길 40 지하 1층
커피스니퍼,카페,4.5,57건,109,서울 중구 세종대로16길 27 남양빌딩 1층 102호
발루토,카페,3.6,48건,86,서울 관악구 신림로23길 28 1층
슈퍼말차 성수,카페,3.8,36건,140,서울 성동구 서울숲6길 19
카페키이로,커피전문점,4.3,31건,127,서울 종로구 창경궁로26길 41-3 2층
체다앤올리,카페,3.5,27건,222,서울 성동구 서울숲2길 32-14 1층
오아시스 한남점,디저트카페,3.0,26건,255,"서울 용산구 이태원로45길 30 1,2층"
시즌커피앤베이크,카페,4.1,41건,169,서울 영등포구 양산로9길 12-1
자그마치,커피전문점,3.1,87건,200,서울 성동구 성수이로 88 남정빌딩 1층
빌리엔젤 강남역점,디저트카페,3.1,46건,184,서울 강남구 테헤란로1길 48 강남ELS빌딩 1층
비트포비아 던전홍대점,테마카페,4.1,12건,104,서울 마포구 독막로3길 30
황홀경,디저트카페,3.4,52건,310,서울 관악구 관악로14길 37 지하1층
베러댄,카페,3.9,11건,88,서울 동대문구 망우로 34 진성빌딩 1층
가배도 신논현점,카페,3.2,51건,357,"서울 강남구 강남대로110길 13 2,3층"
세녹,카페,2.8,53건,127,서울 동작구 사당로 304
노맨틱,카페,4.6,25건,176,서울 용산구 두텁바위로 59-1 2층
앤아더,카페,2.7,39건,207,서울 성동구 서울숲2길 40-10
오츠에스프레소,커피전문점,4.3,66건,245,서울 마포구 독막로14길 32 지하 1층
카페뎀셀브즈 종로점,카페,3.2,241건,158,서울 종로구 삼일대로 388 1~3층
크리에잇쿠키 역삼점,디저트카페,4.0,21건,187,서울 강남구 테헤란로25길 36 2층
바이산,카페,3.0,45건,263,서울 성동구 성수이로 78
르쁘띠푸 홍대본점,디저트카페,3.4,104건,233,서울 마포구 와우산로 62 삼애빌딩 2층
알렉스더커피 성북점,커피전문점,3.5,42건,95,서울 성북구 성북로28길 9
클라우즈비,카페,3.4,32건,114,서울 강남구 논현로28길 10 제이제이빌딩 1층
쿠오레에스프레소,커피전문점,3.5,51건,330,서울 서초구 강남대로 275 1층 101호
그레도,카페,3.8,19건,153,서울 성북구 화랑로 304 1층
룸서비스301,카페,2.0,25건,194,서울 강남구 양재천로 193 3층 301호
롱브레드 은평한옥마을점,테마카페,2.8,30건,127,"서울 은평구 연서로 530 1, 2층"
피크니크,카페,4.2,32건,205,서울 영등포구 양평로22길 2-1
그레이랩,카페,3.7,36건,133,서울 마포구 토정로3길 16
모두막,테마카페,1.3,44건,58,서울 마포구 와우산로29바길 11-4 2층
고르드,디저트카페,2.8,75건,199,서울 서대문구 연세로 32 1~4층
다노이 선릉점,카페,4.0,5건,29,서울 강남구 테헤란로57길 17
모멘토브루어스,카페,4.4,79건,112,서울 성동구 서울숲2길 19-18 1층
카페포제,카페,3.4,50건,198,서울 성동구 연무장9길 7
제이히든하우스,카페,2.8,12건,123,서울 종로구 종로 269-4 1층
동빙고,카페,3.8,326건,133,서울 용산구 이촌로 319
호텔세느장,디저트카페,2.0,59건,378,서울 종로구 돈화문로11길 28-5
글로우,카페,3.6,32건,211,서울 성동구 아차산로9길 20 1층
버터북,디저트카페,3.0,11건,139,서울 용산구 신흥로15길 20
레어마카롱 잠실점,디저트카페,4.6,90건,286,서울 송파구 오금로 126
페더커피,카페,4.9,33건,149,서울 강동구 진황도로 123 1층 101호
커피몽타주,커피전문점,4.2,46건,87,서울 강동구 올림픽로48길 23-12 1층
차마시는뜰,전통찻집,4.1,110건,105,서울 종로구 북촌로11나길 26
가비터,카페,3.5,28건,382,서울 강남구 강남대로106길 29 지하1층
그레인,카페,4.3,46건,149,서울 마포구 동교로46길 23
헬무트커피로스터스,카페,3.2,21건,60,서울 서초구 방배천로6길 3-10
웻커피 신사점,카페,3.1,19건,162,서울 강남구 강남대로162길 18
클럽에스프레소,커피전문점,3.4,158건,95,서울 종로구 창의문로 132
콩카페 이태원점,카페,4.3,33건,174,"서울 용산구 녹사평대로 168-8 1,2층"
시드누아 노원본점,커피전문점,3.3,54건,154,서울 노원구 상계로 84
로얄마카롱,디저트카페,4.3,33건,75,서울 강남구 테헤란로25길 26 3층
행화탕,테마카페,4.0,30건,39,서울 마포구 마포대로19길 12
카페 지금여기,카페,3.5,11건,17,서울 마포구 양화로16길 30-5 3층
스탬프커피,카페,2.6,38건,414,"서울 마포구 성미산로 161-7 1,2층"
키커피컴퍼니,카페,3.7,20건,173,서울 성동구 왕십리로 269
챔프커피 1작업실,커피전문점,2.0,42건,39,서울 용산구 우사단로10길 121 1층
프레스,커피전문점,3.4,26건,50,서울 송파구 백제고분로45길 17-3 4층
태양커피 홍대점,커피전문점,4.2,32건,60,서울 마포구 어울마당로 100-12 1층
얼터너티브커피 로스터스,커피전문점,3.8,59건,166,서울 송파구 백제고분로46길 26-1 신화빌딩 1층
죠지 서울,카페,2.8,55건,128,서울 중구 을지로12길 6 한일빌딩 302호
카페제하,카페,4.5,15건,94,서울 양천구 목동동로 177 삼성쉐르빌2차 1층
공간다반사,카페,3.7,26건,163,서울 영등포구 당산로52길 4
빈플루,디저트카페,3.9,19건,64,서울 서대문구 응암로 118 1층
아우어커피 강남점,커피전문점,3.1,33건,280,서울 강남구 봉은사로4길 20 2층
커피스트,커피전문점,4.3,107건,71,서울 종로구 경희궁길 39 1층
수수커피 가로수길점,커피전문점,3.6,23건,64,서울 강남구 강남대로154길 24 준영빌딩 1층
8810리스트레토바,커피전문점,4.5,23건,86,서울 마포구 월드컵북로6길 88-10
을지다방,다방,4.5,12건,37,서울 중구 충무로 72-1 2층
버터밀크,카페,4.0,111건,123,서울 마포구 와우산로 130 1층
그린마일커피 북촌점,커피전문점,3.2,33건,181,"서울 종로구 북촌로 64 1,2층"
근린커피,카페,4.0,23건,113,서울 은평구 응암로21길 23
하이웨이스트,카페,2.8,28건,299,서울 마포구 성미산로 167-9
샐러드셀러,카페,4.2,52건,132,서울 용산구 대사관로5길 28 202호
그레인바운더리,테마카페,2.8,12건,80,서울 종로구 삼일대로 388-7 1층
테일러커피 연남2호점,커피전문점,4.3,37건,150,"서울 마포구 성미산로 187 1층, 2층"
듀자미,디저트카페,3.0,118건,264,서울 강남구 도산대로11길 28 1층
정식카페,카페,3.4,18건,195,서울 강남구 선릉로158길 11 1층
에브리데이몬데이,갤러리카페,4.3,23건,120,서울 송파구 송파대로48길 14
포말커피,카페,4.7,24건,152,서울 관악구 신림로67길 25 2층
마를리,카페,2.9,31건,265,서울 성동구 연무장길 47 1층
루프808,카페,4.2,65건,211,서울 강남구 강남대로 470 16층
W카페,카페,2.8,10건,34,서울 마포구 동교로25길 16
프리퍼커피로스터스,커피전문점,4.3,44건,123,서울 서초구 반포대로5길 4 1층
카페그라쎄,카페,4.4,21건,77,서울 강남구 도산대로17길 19 온암빌딩 1층
테라로사 코엑스점,커피전문점,3.4,52건,129,서울 강남구 영동대로 513 1층
엘카페커피로스터스 선유도점,커피전문점,3.7,50건,70,서울 영등포구 양평로21나길 7 1층
미즐카페엠,카페,3.6,29건,137,서울 강북구 4.19로 107
팜스프링스,카페,4.5,24건,250,서울 영등포구 도신로60길 22-3 2층
루프트커피 망원점,커피전문점,2.9,7건,100,"서울 마포구 망원로6길 65 1,2층"
카페노티드 삼성,디저트카페,3.5,19건,282,서울 강남구 테헤란로103길 9 1층
카페노티드 잠실,카페,3.0,28건,414,서울 송파구 백제고분로45길 3 2층
미완성식탁,디저트카페,3.6,53건,77,서울 마포구 망원로6길 37
체리커피,커피전문점,2.7,27건,134,서울 광진구 능동로 284
연남방앗간,카페,3.1,36건,251,서울 마포구 동교로29길 34 1층
모멘트커피 1호점,카페,3.7,17건,113,서울 마포구 양화로23길 30
끼룩하우스,카페,3.2,23건,303,서울 종로구 돈화문로11나길 26-4
안다즈커피,커피전문점,3.8,27건,155,서울 광진구 천호대로132길 10 1층
제비다방,다방,4.3,70건,42,서울 마포구 와우산로 24
씨스루 홍대연남점,디저트카페,4.6,14건,160,서울 마포구 동교로 266-6 1층
라페름,카페,3.3,99건,248,서울 용산구 이태원로54길 32 202호
더페이머스램,카페,3.6,101건,108,서울 마포구 월드컵북로 19 1층
키이스케이프 강남점,테마카페,5.0,3건,120,서울 강남구 강남대로96길 17
파시0914,카페,3.8,5건,43,서울 강남구 도산대로45길 15 지하 1층
도트블랭킷,카페,4.5,30건,123,서울 종로구 윤보선길 22 1층
한남베르그,카페,4.0,34건,162,서울 용산구 이태원로54길 58-26 1층
히어로보드게임카페 홍대1호점,보드카페,4.8,60건,58,서울 마포구 와우산로21길 31-10 2층
이미,카페,4.2,90건,133,서울 마포구 동교로25길 7
커피냅로스터스 연남동,카페,4.2,28건,211,서울 마포구 성미산로27길 70
심세정,디저트카페,3.4,38건,206,서울 중구 퇴계로 409-11 1층
카페클로이인패리스,디저트카페,4.8,15건,160,서울 마포구 성미산로 190-3 1층
몬틸나잇,커피전문점,3.9,35건,163,서울 서초구 서초중앙로18길 23 효암빌딩 1층
루프트커피 합정점,카페,3.2,20건,189,서울 마포구 양화로8길 32-10
랑데자뷰 건대점,카페,3.1,8건,86,서울 광진구 아차산로31길 3
보헤미안박이추커피공장 상암점,커피전문점,3.8,28건,19,서울 마포구 성암로 267 MBC몰파크 2층 201호
포멜로빈 공덕점,커피전문점,4.2,38건,83,서울 마포구 백범로 170 1층
오우아,카페,3.3,40건,214,서울 서초구 도구로1길 73-1 1층
라브리카페,카페,4.3,27건,73,서울 서초구 반포대로22길 64
무너미,카페,3.6,23건,119,서울 강북구 노해로8가길 40 1층
디트로네 잠실점,카페,3.3,24건,98,서울 송파구 석촌호수로 258 아르누보팰리스 105호
논탄토,카페,3.9,35건,132,서울 강남구 도산대로17길 35
도레도레 신사점,디저트카페,3.3,99건,203,서울 강남구 도산대로15길 40
까치화방 강남점,디저트카페,3.5,27건,206,서울 강남구 봉은사로4길 23 1층
무대륙,카페,3.7,58건,67,서울 마포구 토정로5길 12
연립빵공장,테마카페,2.1,86건,294,서울 강남구 도산대로11길 40
카페인더핑크,카페,4.2,9건,12,서울 강남구 학동로53길 19 1층
펠른,카페,4.2,26건,69,서울 마포구 성미산로22길 18 A동 1층
맛차차,카페,3.0,37건,151,서울 성동구 서울숲2길 18-11
티라노커피,커피전문점,4.5,48건,115,서울 관악구 남부순환로230길 39
그로토,카페,3.9,40건,182,서울 마포구 새창로4길 9 지하1층
원인어밀리언,커피전문점,3.1,60건,209,서울 용산구 이태원로54길 31
카페온화 송파점,카페,2.8,33건,213,서울 송파구 백제고분로45길 15 2층
매뉴팩트커피 방배점,카페,4.2,29건,47,서울 서초구 서초대로27길 15 1층
카페노티드 한남,디저트카페,3.4,19건,266,서울 용산구 대사관로5길 12 2층
카페이클립스,카페,4.1,26건,86,서울 송파구 송파대로49길 52 나인파크A 201호
치카치카,디저트카페,4.2,18건,116,서울 성동구 연무장길 38 1층
미드데이썬,카페,4.3,17건,103,서울 강동구 양재대로91나길 55
쇼콜라윰,카페,4.2,61건,66,서울 마포구 와우산로21길 26
두화당,카페,4.1,50건,127,서울 용산구 백범로87길 25 1층
비로소커피,커피전문점,4.0,48건,108,서울 마포구 광성로6길 42 1층
오제도,카페,3.7,33건,191,서울 종로구 대학로1길 31 1층
위커파크,카페,3.9,33건,166,서울 송파구 석촌호수로 298 잠실대우레이크월드 103-1호
꼬앙드파리,디저트카페,4.0,14건,186,서울 송파구 마천로7길 18 1층
독수리다방,다방,4.1,73건,89,서울 서대문구 연세로 36 독수리빌딩 8층
옹근달,카페,2.6,30건,208,"서울 성동구 성수이로7길 41-1 1, 2층"
데일리오아시스 샤로수길점,디저트카페,3.1,34건,150,서울 관악구 관악로14길 74-3 1층
도너츠윤 방배점,디저트카페,1.8,10건,134,서울 서초구 동광로12가길 12 1층
바마셀,카페,4.4,31건,66,서울 용산구 원효로89길 12
푸어링아웃,카페,4.5,45건,131,서울 서대문구 연희로11나길 7-7
카페키츠네 서울,카페,3.2,16건,251,서울 강남구 가로수길 23
디어블라썸커피,카페,4.2,27건,127,서울 송파구 올림픽로12길 23 1층
카페장쌤,카페,3.5,61건,111,서울 마포구 와우산로29마길 5
디벙크,커피전문점,4.0,23건,71,서울 마포구 성지1길 30 지하 2층
책발전소 위례,북카페,2.6,16건,102,서울 송파구 위례광장로 230 C동 2층
플디,카페,3.5,20건,105,서울 성동구 상원길 44 2층
플로,카페,4.6,34건,45,서울 은평구 서오릉로 20-1
카페드람브르 영등포직영2호점,카페,4.0,21건,35,서울 영등포구 경인로 867 호텔GMS 2층
반쥴,커피전문점,4.1,73건,82,서울 종로구 삼일대로17길 23 3층
브루클린커피,커피전문점,4.2,25건,110,서울 강서구 강서로52길 16
블랑,디저트카페,3.9,75건,19,서울 마포구 양화로 192 대영빌딩 1층
카페레이어스튜디오,카페,2.5,11건,67,서울 강남구 삼성로75길 40
클로리스 신촌점,카페,4.0,123건,96,서울 서대문구 연세로4길 38
커피사,카페,4.2,40건,120,서울 중구 을지로 142-1 3층
mk2,카페,3.4,59건,116,서울 종로구 자하문로10길 17
커피별녹색잔,커피전문점,4.4,21건,90,서울 양천구 목동로21길 26
파란만잔,디저트카페,3.6,17건,149,"서울 강남구 봉은사로2길 21 1,2층"
통인동커피공방,커피전문점,4.2,79건,37,서울 종로구 자하문로 41-1
비에이치테이블,카페,4.6,18건,90,서울 광진구 아차산로45길 16 1층
펠트커피 광화문점,카페,3.5,44건,191,서울 종로구 종로3길 17 b2층
카페뮬라,카페,2.8,29건,173,서울 강남구 압구정로4길 13-12
경계선,커피전문점,4.3,20건,58,서울 강북구 삼각산로 22-7
가배도 삼청점,카페,3.0,22건,171,서울 종로구 북촌로5길 56-8 101호
로아스 갤러리카페,카페,4.4,5건,33,서울 서초구 고무래로 6-6 선경빌딩 지하 1층
피치그레이,커피전문점,4.0,21건,129,서울 송파구 가락로21길 14-1 1층
씨스루,커피전문점,3.8,25건,114,서울 용산구 녹사평대로40나길 37 1층
테이프,카페,3.5,23건,120,서울 용산구 이태원로14길 21 2층
랜디스도넛 연남점,카페,3.5,110건,507,서울 마포구 동교로 247
비트포비아 강남던전점,테마카페,4.1,7건,131,서울 강남구 강남대로84길 33 대우디오빌플러스 지하1층 111호
카페기글,디저트카페,4.0,12건,224,서울 영등포구 도림로128길 21 1층
카페람베리,카페,4.2,13건,185,서울 서초구 방배중앙로 214
폴인팬케이크 강남점,디저트카페,3.0,36건,200,서울 강남구 봉은사로6길 29 1층 101호
피키이터 역삼점,카페,3.1,24건,194,서울 강남구 테헤란로26길 14 대세빌딩 지하1층
칠린,카페,3.8,23건,158,서울 종로구 대학로11길 41-8 1층
한옥찻집,전통찻집,4.6,26건,74,서울 종로구 인사동12길 9
사직커피,디저트카페,4.3,25건,53,서울 종로구 사직로 49-4
슬로우파크,카페,3.5,15건,66,서울 종로구 삼청로 141
묘사서울,카페,3.3,34건,179,서울 성동구 서울숲2길 2 2층
브런치팩토리,디저트카페,3.3,28건,70,서울 강서구 마곡중앙로 36 마곡엠밸리15단지상가 102호
카페멘디,카페,4.0,18건,99,서울 강북구 4.19로8길 7-2
카데뜨,디저트카페,4.2,12건,74,서울 용산구 한강대로 200-1 1층
카페히릿,애견카페,3.8,13건,25,서울 광진구 광나루로 404 3층
평상시,카페,4.1,24건,93,서울 강동구 고덕로20길 26 1층
에이투지카페,커피전문점,3.3,35건,61,서울 서대문구 연세로4길 29
카키바움,디저트카페,3.8,21건,83,서울 용산구 한강대로52길 29
루아르커피바,카페,4.3,19건,88,서울 마포구 독막로34길 32 1층
뚜스뚜스 흑석역점,카페,3.4,16건,48,서울 동작구 현충로 75 1층
테라로사 예술의전당점,커피전문점,4.0,36건,76,서울 서초구 남부순환로 2406
라카페갤러리,갤러리카페,4.4,35건,56,서울 종로구 자하문로10길 28
포프트커피,커피전문점,4.0,21건,118,서울 영등포구 경인로114길 10-1 1층
치카리셔스,디저트카페,3.9,14건,74,서울 강남구 강남대로 556 논현빌딩 1층
라쁘띠,카페,2.8,19건,66,서울 송파구 가락로11길 19
넥스트에디션 건대2호점,테마카페,3.0,6건,227,"서울 광진구 아차산로 192 별관 2,3층"
당옥,디저트카페,3.3,11건,106,서울 강남구 강남대로162길 22 1층 101호
카페몰로,디저트카페,3.8,8건,88,서울 동대문구 회기로 163 1층
쉼스토리,테마카페,3.9,15건,89,서울 강남구 역삼로3길 17 혜진빌딩 3층
펠어커피 강동점,커피전문점,4.8,24건,329,서울 강동구 천호옛14길 23-12 1층
루프트 명동점,카페,3.8,22건,135,서울 중구 삼일대로 308 조양빌딩 1층
광합성카페,카페,3.8,43건,131,서울 마포구 월드컵로19길 8 1층
꼬르소산도,디저트카페,4.3,23건,87,서울 마포구 월드컵로 157 1층
러빈허 플라워&갤러리 카페,테마카페,4.3,15건,39,서울 마포구 신촌로6길 22
이스트우드,카페,4.7,20건,74,서울 영등포구 도신로17길 6
더달달,카페,3.9,58건,191,"서울 강남구 강남대로102길 38-6 1층, 2층"
카페코튼,디저트카페,3.7,15건,115,서울 성동구 동일로 139
바통 밀카페,카페,2.6,25건,114,서울 용산구 한강대로15길 33
서울이스케이프룸 홍대2호점,테마카페,3.0,2건,78,서울 마포구 와우산로17길 11 코스모스빌딩 3층
디에이프릴,카페,3.2,39건,150,서울 마포구 성미산로29안길 19 1층
하이버,카페,3.2,23건,32,서울 종로구 옥인6길 2
북파크,북카페,4.0,22건,112,서울 용산구 이태원로 294 2층
장꼬방,디저트카페,4.0,180건,61,서울 서초구 강남대로61길 27
카페미엘,디저트카페,2.6,34건,203,서울 관악구 관악로16길 38 2층
바나나하루키,디저트카페,3.5,51건,180,서울 마포구 독막로19길 8-17
대오서점,카페,2.9,30건,71,서울 종로구 자하문로7길 55
금옥당,디저트카페,3.7,9건,67,서울 마포구 어울마당로 39 1층
미담헌,카페,3.4,33건,205,서울 종로구 돈화문로11다길 41
로우슬로우,카페,3.9,40건,124,서울 서초구 방배천로2안길 27 현성빌딩 2층
태양커피 사당점,커피전문점,4.3,11건,14,서울 서초구 방배천로 32 송암빌딩 1층
결,카페,4.1,34건,93,서울 종로구 우정국로 26 센트로폴리스 1층
82년생김민경 X 카페르세,카페,4.5,18건,95,서울 마포구 매봉산로 80 1층 15호
커피명가 안암점,카페,4.0,27건,32,서울 성북구 안암로5길 40 java빌딩 1층
망우로30,카페,3.9,14건,163,서울 동대문구 망우로 30-1
아이엠베이글 공덕점,디저트카페,4.4,55건,104,서울 마포구 백범로 152 공덕파크자이 101동
업사이드 뚝섬점,카페,4.7,33건,72,서울 성동구 왕십리로14길 19-1 1층
띠그레블랑코,디저트카페,3.6,11건,24,서울 서초구 주흥길 64-17 101호
애프터눈커피,커피전문점,4.5,11건,18,"서울 마포구 신촌로4길 22-14 1층, 2층"
키오스크,카페,4.1,48건,91,서울 마포구 월드컵로19길 74 어쩌다가게 2층 204호
호아드,갤러리카페,3.3,34건,126,서울 종로구 율곡로1길 54-3
앙떼띠 서래마을점,카페,4.3,23건,61,"서울 서초구 서래로6길 24 1,2층"
훔볼트,디저트카페,3.6,37건,188,"서울 성동구 성수이로 58 P-Tower 지하 1층, 지상 1-2층"
마담티라미수,디저트카페,2.6,38건,262,서울 마포구 양화로3길 55 지하 1층
평화다방 강남역점,카페,2.2,23건,123,서울 강남구 강남대로94길 10 K스퀘어 2층
타이거슈가 홍대본점,카페,3.9,34건,380,서울 마포구 어울마당로 124 1층
로코랩,카페,4.2,28건,83,서울 종로구 율곡로4길 51
그리네,디저트카페,2.7,22건,98,서울 광진구 군자로 139 1층
더숲 초소책방,북카페,3.9,14건,39,서울 종로구 인왕산로 172
트리스트,카페,2.9,16건,127,서울 강남구 압구정로56길 26
모리츠플라츠,카페,4.0,27건,127,서울 마포구 와우산로 174 1층
아파트먼트,카페,3.5,37건,107,서울 영등포구 경인로77길 12 2층
그릭데이 이대점,디저트카페,3.6,44건,53,서울 서대문구 이화여대길 88-21 2층
듁스커피 쇼룸,카페,4.2,43건,54,서울 마포구 어울마당로2길 10 1층
마우스레빗,카페,3.8,53건,49,서울 광진구 능동로11길 10
플레어비 도곡점,카페,3.4,18건,44,"서울 강남구 논현로26길 33 1,2층"
더앨리 가로수길점,카페,3.5,27건,236,"서울 강남구 가로수길 75 1,2층"
가배도 송파점,카페,3.3,61건,296,서울 송파구 백제고분로45길 6 은진빌딩 2층 201호
네시사분,디저트카페,4.5,13건,77,서울 마포구 성미산로 190-8 1층
동감,카페,4.3,23건,61,서울 은평구 증산로15나길 1
펠어커피 상도점,카페,5.0,11건,77,서울 동작구 상도로41가길 12 1층
더홈서울,커피전문점,3.6,16건,102,서울 성북구 고려대로1길 87
카페오롯,카페,3.6,14건,130,서울 성동구 상원6나길 7 1층
연남살롱,카페,3.3,81건,97,서울 마포구 성미산로 122-1
폴드커피,카페,4.4,20건,103,"서울 성북구 종암로 214-3 1,2층"
노버든,카페,4.1,21건,80,서울 영등포구 당산로31길 25 2층 201호
로이터커피셸터,카페,4.4,16건,85,서울 중구 필동로5길 7 라비두스 별관 3층
33아파트먼트,카페,4.0,36건,52,서울 용산구 한남대로27길 33 1층
통인스윗,디저트카페,3.7,78건,166,서울 종로구 자하문로7길 50
칠요일의케이크,디저트카페,4.2,6건,33,서울 강남구 선릉로132길 50 모노하우스 1층
대충유원지,커피전문점,3.8,36건,98,서울 마포구 월드컵북로6길 37
펠트커피 창전동점,카페,4.0,39건,48,서울 마포구 서강로11길 23
이디야커피랩,커피전문점,3.9,107건,410,"서울 강남구 논현로 636 이디야빌딩 1,2층"
블레스롤 마곡나루점,디저트카페,3.7,7건,60,서울 강서구 마곡중앙로 165
아오스요거트,디저트카페,3.8,29건,117,서울 광진구 능동로 153 1층
식물학,커피전문점,3.4,40건,234,서울 강남구 강남대로154길 33
울프소셜클럽,카페,4.2,98건,68,서울 용산구 한남대로 158
카페노티드 갤러리아백화점웨스트,,4.5,2건,47,서울 강남구 압구정로 343 지하1층
카페뤽상부르,카페,4.0,22건,92,서울 은평구 연서로25길 6-11 2층
디올카페,디저트카페,3.1,12건,50,서울 강남구 압구정로 464 5층
